Reklama,Wariant,Headline,Copy,Grafika,URL
ryze,1,Dość schodzenia po schodach tyłem,"Noom Knee Pro łączy ciepło, ucisk pneumatyczny i masaż wibracyjny. Miękka opaska obejmuje kolano, paski na rzepy pozwalają dopasować ją do nogi, a temperaturę wybierasz samodzielnie. To połączenie daje kojące ciepło i odprężający masaż — chwilę wytchnienia dla zmęczonego kolana po spacerze czy schodach. Wystarczy usiąść, założyć masażer i go włączyć.

Wypróbuj Noom Knee Pro: https://noom.pl/products/masazer-kolan-noomkneepro",ryze-new-v2.png,https://noom.pl/products/masazer-kolan-noomkneepro
ryze,2,Chwila wytchnienia dla kolana,"Ciepło, ucisk i wibracje — razem w Noom Knee Pro. Miękka opaska obejmuje kolano, paski na rzepy pozwalają dopasować ją do nogi, a temperaturę wybierasz samodzielnie. To połączenie daje kojące ciepło i odprężający masaż — chwilę wytchnienia dla zmęczonego kolana po spacerze czy schodach. Wystarczy usiąść, założyć masażer i go włączyć.

Wypróbuj Noom Knee Pro: https://noom.pl/products/masazer-kolan-noomkneepro",ryze-new-v2.png,https://noom.pl/products/masazer-kolan-noomkneepro
avatar,1,Kobiety po 60-tce,"KOBIETY PO 60-TCE! Tak możesz zadbać o zmęczone kolano — ciepłym masażem we własnym domu.
https://noom.pl/products/masazer-kolan-noomkneepro",avatar-new-v2.png,https://noom.pl/products/masazer-kolan-noomkneepro
avatar,2,Masaż kolana we własnym domu,"DLA KOBIET PO 60-TCE! Poznaj sposób na ciepły masaż kolana bez wychodzenia z domu.
https://noom.pl/products/masazer-kolan-noomkneepro",avatar-new-v2.png,https://noom.pl/products/masazer-kolan-noomkneepro
curiosity,1,Wieczorem odpocznij naprawdę,"Wyobraź sobie, że siadasz wieczorem i wreszcie przestajesz szukać wygodnego ułożenia nogi…

Wystarczy założyć Noom Knee Pro i włączyć masaż, by poczuć kojące ciepło wokół kolana, dobrać temperaturę do siebie i skorzystać z odprężającego masażu bez umawiania wizyty. https://noom.pl/products/masazer-kolan-noomkneepro",curiosity-final.png,https://noom.pl/products/masazer-kolan-noomkneepro
curiosity,2,Chwila wytchnienia dla kolana,"Wyobraź sobie wieczór, w którym odpoczywasz Ty — i Twoje zmęczone kolano…

Wystarczy założyć Noom Knee Pro i włączyć masaż, by poczuć kojące ciepło wokół kolana, dobrać temperaturę do siebie i skorzystać z odprężającego masażu bez umawiania wizyty. https://noom.pl/products/masazer-kolan-noomkneepro",curiosity-final.png,https://noom.pl/products/masazer-kolan-noomkneepro
shift,1,Kolano boli nawet po spacerze?,"Inscenizacja reklamowa — fikcyjna historia, nie opinia klientki.

Mam 64 lata i lubię sama załatwiać swoje sprawy. Tylko kolano potrafi boleć nawet po krótkim spacerze. Po powrocie siadałam i czekałam, aż odpocznie. Chciałam móc zrobić coś więcej.

Kupiłam Noom Knee Pro. Najbardziej lubię to ciepło wokół kolana — i to, że sama wybieram, jak mocno ma grzać. Do tego przyjemny ucisk i wibracje. Siedzę wygodnie, a urządzenie masuje.

Sięgam po niego, kiedy wracam ze spaceru. Zapinam rzepy i włączam masaż. Nie muszę nawet wychodzić z domu, żeby go mieć — dla mnie to ważne, bo na koniec dnia chcę już po prostu usiąść.

Zapłaciłam 299 zł, a dostawa była gratis. Mam własny masażer kolana, po który mogę sięgnąć w domu.

Sprawdź Noom Knee Pro: https://noom.pl/products/masazer-kolan-noomkneepro",shift-new-v4.png,https://noom.pl/products/masazer-kolan-noomkneepro
shift,2,Ciepły masaż na koniec dnia,"Inscenizacja reklamowa — fikcyjna historia, nie opinia klientki.

Krótki spacer, a kolano już daje o sobie znać. Mam 64 lata i nadal chcę sama załatwiać swoje sprawy. Po powrocie siadałam i czekałam, aż odpocznie. Chciałam móc zrobić coś więcej.

Kupiłam Noom Knee Pro. Najbardziej lubię to ciepło wokół kolana — i to, że sama wybieram, jak mocno ma grzać. Do tego przyjemny ucisk i wibracje. Siedzę wygodnie, a urządzenie masuje.

Sięgam po niego, kiedy wracam ze spaceru. Zapinam rzepy i włączam masaż. Nie muszę nawet wychodzić z domu, żeby go mieć — dla mnie to ważne, bo na koniec dnia chcę już po prostu usiąść.

Zapłaciłam 299 zł, a dostawa była gratis. Mam własny masażer kolana, po który mogę sięgnąć w domu.

Sprawdź Noom Knee Pro: https://noom.pl/products/masazer-kolan-noomkneepro",shift-new-v4.png,https://noom.pl/products/masazer-kolan-noomkneepro
